id,game_no,game_name,game_code,type,cost_price,tax,sale_price,date_of_sale
1,88,Counter-Strike,pc,2,9.17,0.09,9.99,2024-04-01 06:25:16
2,79,Day of Defeat,pc,2,4.58,0.09,4.99,2024-04-01 11:19:25
3,78,Deathmatch Classic,pc,2,4.58,0.09,4.99,2024-04-01 12:43:36
4,82,Ricochet,pc,2,4.58,0.09,4.99,2024-04-01 18:57:15
5,92,Team Fortress 2,pc,2,0.0,0.09,0.0,2024-04-02 13:05:16
6,89,Left 4 Dead,pc,2,18.34,0.09,19.99,2024-04-02 18:01:26
7,89,Left 4 Dead 2,pc,2,18.34,0.09,19.99,2024-04-02 18:36:28
8,90,Dota 2,pc,2,0.0,0.09,0.0,2024-04-03 13:23:32
9,77,Alien Swarm,pc,2,0.0,0.09,0.0,2024-04-03 17:45:20
10,69,Rag Doll Kung Fu,pc,2,9.17,0.09,9.99,2024-04-03 20:07:52
11,72,Killing Floor,pc,2,18.34,0.09,19.99,2024-04-04 10:41:28
12,84,DEFCON,pc,2,9.17,0.09,9.99,2024-04-04 19:53:01
13,76,Multiwinia,pc,2,9.17,0.09,9.99,2024-04-05 10:19:31
14,82,Dangerous Waters,pc,2,13.75,0.09,14.99,2024-04-05 12:25:30
15,68,Space Empires V,pc,2,13.75,0.09,14.99,2024-04-05 18:41:21
16,73,Earth 2160,pc,2,4.58,0.09,4.99,2024-04-05 21:23:21
17,17,Quake III Arena,pc,2,13.75,0.09,14.99,2024-04-06 05:51:12
18,81,Quake IV,pc,2,13.75,0.09,14.99,2024-04-06 11:24:02
19,83,DOOM II,pc,2,4.58,0.09,4.99,2024-04-06 13:05:22
20,94,QUAKE,pc,2,4.58,0.09,4.99,2024-04-08 03:22:46
21,33,QUAKE II,pc,2,4.58,0.09,4.99,2024-04-08 09:50:10
22,73,Bloody Good Time,pc,2,4.58,0.09,4.99,2024-04-08 10:09:48
23,74,Shadowgrounds,pc,2,6.41,0.09,6.99,2024-04-08 12:59:12
24,47,RIP - Trilogy(tm),pc,2,4.58,0.09,4.99,2024-04-09 00:22:31
25,7,RIP - Trilogy(tm),pc,2,4.58,0.09,4.99,2024-04-09 06:45:46
26,64,RIP - Trilogy(tm),pc,2,4.58,0.09,4.99,2024-04-09 18:28:57
27,91,Call of Duty(r),pc,2,18.34,0.09,19.99,2024-04-09 18:50:12
28,86,Call of Duty(r) 2,pc,2,18.34,0.09,19.99,2024-04-09 21:46:31
29,15,688(I) Hunter/Killer,pc,2,9.17,0.09,9.99,2024-04-10 01:21:49
30,84,Sub Command,pc,2,9.17,0.09,9.99,2024-04-10 09:36:28
31,6,GTI Racing,pc,2,4.58,0.09,4.99,2024-04-10 23:29:28
32,82,Xpand Rally,pc,2,4.58,0.09,4.99,2024-04-11 23:19:21
33,72,Call of Juarez(tm),pc,2,9.17,0.09,9.99,2024-04-12 16:00:54
34,70,Xpand Rally Xtreme,pc,2,4.58,0.09,4.99,2024-04-13 01:37:53
35,57,Genesis Rising,pc,2,4.58,0.09,4.99,2024-04-13 02:34:20
36,65,Painkiller Overdose,pc,2,1.14,0.09,1.24,2024-04-13 16:11:58
37,67,Shattered Union,pc,2,4.58,0.09,4.99,2024-04-14 02:27:13
38,39,Garrys Mod,pc,2,9.17,0.09,9.99,2024-04-14 19:37:04
39,10,RACE - The WTCC Game,pc,2,36.69,0.09,39.99,2024-04-15 00:04:46
40,46,RACE - The WTCC Game,pc,2,36.69,0.09,39.99,2024-04-15 11:23:01
41,77,Titan Quest,pc,2,0.0,0.09,0.0,2024-04-15 21:51:59
42,93,Company of Heroes,pc,2,18.34,0.09,19.99,2024-04-15 22:35:20
43,80,Natural Selection 2,pc,2,9.17,0.09,9.99,2024-04-16 10:49:40
44,80,Natural Selection 2,pc,2,9.17,0.09,9.99,2024-04-16 12:49:58
45,67,Shank,pc,2,9.17,0.09,9.99,2024-04-16 14:19:11
46,67,Shank,pc,2,9.17,0.09,9.99,2024-04-16 17:01:48
47,72,FlatOut,pc,2,6.87,0.09,7.49,2024-04-17 10:07:37
48,79,Bloodline Champions,pc,1,0.0,0.09,0.0,2024-04-18 01:19:44
49,68,Joint Task Force,pc,2,9.17,0.09,9.99,2024-04-18 02:43:57
50,76,Project: Snowblind,pc,2,5.5,0.09,5.99,2024-04-18 11:40:49
51,69,Rogue Trooper,pc,2,9.17,0.09,9.99,2024-04-18 23:06:31
52,61,Loki,pc,2,9.17,0.09,9.99,2024-04-19 02:35:48
53,76,Two Worlds II,pc,2,18.34,0.09,19.99,2024-04-19 09:12:41
54,80,Railroad Tycoon 3,pc,2,9.17,0.09,9.99,2024-04-19 22:35:57
55,90,X-COM: Interceptor,pc,2,4.58,0.09,4.99,2024-04-20 09:34:39
56,65,X-COM: Enforcer,pc,2,4.58,0.09,4.99,2024-04-20 09:49:52
57,80,Men of War(tm),pc,2,4.58,0.09,4.99,2024-04-20 12:37:54
58,63,NecroVision,pc,2,4.58,0.09,4.99,2024-04-21 09:17:58
59,88,EVE Online,pc,1,18.34,0.09,19.99,2024-04-21 09:37:07
60,83,RACE 07,pc,2,3.66,0.09,3.99,2024-04-21 13:29:51
61,99,RACE On,pc,2,7.33,0.09,7.99,2024-04-22 03:30:20
62,88,BioShock(r) 2,pc,2,18.34,0.09,19.99,2024-04-22 15:04:47
63,90,Freedom Force,pc,2,4.58,0.09,4.99,2024-04-22 15:12:52
64,81,Borderlands,pc,2,18.34,0.09,19.99,2024-04-22 21:08:29
65,87,DOOM 3,pc,2,4.58,0.09,4.99,2024-04-22 21:52:33
66,76,HeXen II,pc,2,4.58,0.09,4.99,2024-04-22 22:11:00
67,79,RAGE,pc,2,9.17,0.09,9.99,2024-04-23 12:52:05
68,79,RAGE,pc,2,9.17,0.09,9.99,2024-04-23 16:27:02
69,86,Supreme Commander,pc,2,13.75,0.09,14.99,2024-04-23 16:40:10
70,80,Gish,pc,2,9.17,0.09,9.99,2024-04-24 01:20:33
71,72,Champions Online,pc,1,0.0,0.09,0.0,2024-04-24 20:09:11
72,76,Star Trek Online,pc,1,0.0,0.09,0.0,2024-04-25 06:53:55
73,71,TimeShift(tm),pc,2,18.34,0.09,19.99,2024-04-25 14:24:34
74,67,The Club(tm),pc,2,13.75,0.09,14.99,2024-04-25 19:36:43
75,60,Space Siege,pc,2,13.75,0.09,14.99,2024-04-26 00:36:10
76,32,Gumboy Tournament,pc,2,2.74,0.09,2.99,2024-04-26 01:45:22
77,67,Pacific Storm,pc,2,7.33,0.09,7.99,2024-04-26 06:09:09
78,60,Pacific Storm Allies,pc,2,7.33,0.09,7.99,2024-04-26 18:53:40
79,4,Dragon Nest,pc,1,0.0,0.09,0.0,2024-04-26 22:49:50
80,81,Midnight Club 2,pc,2,9.17,0.09,9.99,2024-04-27 09:13:51
81,90,Grand Theft Auto IV,pc,2,18.34,0.09,19.99,2024-04-27 10:59:10
82,29,BC Kings,pc,2,4.58,0.09,4.99,2024-04-27 13:52:47
83,41,Damnation,pc,2,9.17,0.09,9.99,2024-04-27 16:42:51
84,70,Americas Army 3,pc,2,0.0,0.09,0.0,2024-04-27 18:17:12
85,81,Unreal Gold,pc,2,9.17,0.09,9.99,2024-04-27 18:54:02
86,90,Silent Hunter(r) III,pc,2,9.17,0.09,9.99,2024-04-28 03:04:33
87,86,IL-2 Sturmovik: 1946,pc,2,9.17,0.09,9.99,2024-04-28 06:18:15
88,86,IL-2 Sturmovik: 1946,pc,2,9.17,0.09,9.99,2024-04-28 06:28:12
89,87,Brain Spa,pc,2,9.17,0.09,9.99,2024-04-28 11:58:08
90,86,Tribes: Ascend,pc,2,0.0,0.09,0.0,2024-04-28 15:39:54
91,29,Dystopia,pc,2,0.0,0.09,0.0,2024-04-29 16:47:19
92,71,Nuclear Dawn,pc,2,9.17,0.09,9.99,2024-04-01 06:25:16
93,81,Empires Mod,pc,2,0.0,0.09,0.0,2024-04-01 11:19:25
94,77,DeathSpank,pc,2,13.75,0.09,14.99,2024-04-01 12:43:36
95,77,DeathSpank,pc,2,13.75,0.09,14.99,2024-04-01 18:57:15
96,63,The Baconing,pc,2,13.75,0.09,14.99,2024-04-02 13:05:16
97,18,Mayhem Intergalactic,pc,2,9.17,0.09,9.99,2024-04-02 18:01:26
98,42,Zero Gear,pc,2,4.58,0.09,4.99,2024-04-02 18:36:28
99,41,Puzzle Chronicles,pc,2,9.17,0.09,9.99,2024-04-03 13:23:32
100,72,The Sum of All Fears,pc,2,9.17,0.09,9.99,2024-04-03 17:45:20
101,69,Galactic Bowling,pc,2,18.34,0.09,19.99,2024-04-03 20:07:52
102,78,Red Faction,pc,2,9.17,0.09,9.99,2024-04-04 10:41:28
103,84,Shatter,pc,2,9.17,0.09,9.99,2024-04-04 19:53:01
104,80,LEGO Batman,pc,2,18.34,0.09,19.99,2024-04-05 10:19:31
105,74,F.E.A.R. 3,pc,2,18.34,0.09,19.99,2024-04-05 12:25:30
106,65,Flock!,pc,2,4.58,0.09,4.99,2024-04-05 18:41:21
107,91,Street Fighter(r) IV,pc,2,18.34,0.09,19.99,2024-04-05 21:23:21
108,69,Bionic Commando,pc,2,9.17,0.09,9.99,2024-04-06 05:51:12
109,74,Rock of Ages,pc,2,9.17,0.09,9.99,2024-04-06 11:24:02
110,29,Rogue Warrior,pc,2,4.58,0.09,4.99,2024-04-06 13:05:22
111,70,BRINK,pc,2,7.33,0.09,7.99,2024-04-08 03:22:46
112,70,BRINK,pc,2,7.33,0.09,7.99,2024-04-08 09:50:10
113,70,BRINK,pc,2,7.33,0.09,7.99,2024-04-08 10:09:48
114,56,Spectromancer,pc,2,9.17,0.09,9.99,2024-04-08 12:59:12
115,79,Worms Reloaded,pc,2,18.34,0.09,19.99,2024-04-09 00:22:31
116,72,Grand Ages: Rome,pc,2,9.17,0.09,9.99,2024-04-09 06:45:46
117,66,Puzzle Kingdoms,pc,2,13.75,0.09,14.99,2024-04-09 18:28:57
118,8,Cricket Revolution,pc,2,2.74,0.09,2.99,2024-04-09 18:50:12
119,77,Knights of Honor,pc,2,9.17,0.09,9.99,2024-04-09 21:46:31
120,71,Elven Legacy,pc,2,4.58,0.09,4.99,2024-04-10 01:21:49
121,77,Hearts of Iron III,pc,2,9.17,0.09,9.99,2024-04-10 09:36:28
122,13,Majesty Gold HD,pc,2,9.17,0.09,9.99,2024-04-10 23:29:28
123,35,Drug Wars,pc,2,4.58,0.09,4.99,2024-04-11 23:19:21
124,70,Summer Athletics,pc,2,18.34,0.09,19.99,2024-04-12 16:00:54
125,45,Booster Trooper,pc,2,4.58,0.09,4.99,2024-04-13 01:37:53
126,66,Dead Horde,pc,2,9.17,0.09,9.99,2024-04-13 02:34:20
127,22,Guild Wars Trilogy,pc,1,27.51,0.09,29.99,2024-04-13 16:11:58
128,66,Dark Sector,pc,2,9.17,0.09,9.99,2024-04-14 02:27:13
129,59,Iron Grip: Warlord,pc,2,0.0,0.09,0.0,2024-04-14 19:37:04
130,3,Zombie Bowl-o-Rama,pc,2,9.17,0.09,9.99,2024-04-15 00:04:46
131,21,Metal Drift,pc,2,9.17,0.09,9.99,2024-04-15 11:23:01
132,39,Delta Force Xtreme 2,pc,2,18.34,0.09,19.99,2024-04-15 21:51:59
133,29,Delta Force 2,pc,2,4.58,0.09,4.99,2024-04-15 22:35:20
134,65,Delta Force: Xtreme,pc,2,18.34,0.09,19.99,2024-04-16 10:49:40
135,39,Armored Fist 3,pc,2,9.17,0.09,9.99,2024-04-16 12:49:58
136,3,F-22 Lightning 3,pc,2,9.17,0.09,9.99,2024-04-16 14:19:11
137,74,Comanche 4,pc,2,9.17,0.09,9.99,2024-04-16 17:01:48
138,76,Tachyon: The Fringe,pc,2,9.17,0.09,9.99,2024-04-17 10:07:37
139,80,Driver San Francisco,pc,2,18.34,0.09,19.99,2024-04-18 01:19:44
140,66,Time of Shadows,pc,2,9.17,0.09,9.99,2024-04-18 02:43:57
141,24,Crash Time 3,pc,2,5.5,0.09,5.99,2024-04-18 11:40:49
142,54,Ziro,pc,2,4.58,0.09,4.99,2024-04-18 23:06:31
143,77,Arma 2,pc,2,11.92,0.09,12.99,2024-04-19 02:35:48
144,77,Arma 2,pc,2,11.92,0.09,12.99,2024-04-19 09:12:41
145,54,Crack Down(tm),pc,2,2.74,0.09,2.99,2024-04-19 22:35:57
146,64,Gain Ground(tm),pc,2,2.74,0.09,2.99,2024-04-20 09:34:39
147,30,Golden Axe(tm),pc,2,2.74,0.09,2.99,2024-04-20 09:49:52
148,63,Altered Beast(tm),pc,2,2.74,0.09,2.99,2024-04-20 12:37:54
149,22,Bonanza Bros.(tm),pc,2,2.74,0.09,2.99,2024-04-21 09:17:58
150,45,Columns(tm),pc,2,2.74,0.09,2.99,2024-04-21 09:37:07
151,46,Kid Chameleon(tm),pc,2,2.74,0.09,2.99,2024-04-21 13:29:51
152,53,Sonic Spinball(tm),pc,2,4.58,0.09,4.99,2024-04-22 03:30:20
153,39,Alien Storm,pc,2,2.74,0.09,2.99,2024-04-22 15:04:47
154,23,Columns(tm) III,pc,2,2.74,0.09,2.99,2024-04-22 15:12:52
155,30,Total War: SHOGUN 2,pc,2,22.93,0.09,24.99,2024-04-22 21:08:29
156,26,Insane 2,pc,2,13.75,0.09,14.99,2024-04-22 21:52:33
157,69,Forsaken World,pc,1,0.0,0.09,0.0,2024-04-22 22:11:00
158,34,Angle of Attack,pc,2,9.17,0.09,9.99,2024-04-23 12:52:05
159,66,All Aspect Warfare,pc,2,9.17,0.09,9.99,2024-04-23 16:27:02
160,46,Magnetis,pc,2,1.83,0.09,1.99,2024-04-23 16:40:10
161,72,Roogoo,pc,2,1.83,0.09,1.99,2024-04-24 01:20:33
162,33,RIP - Trilogy(tm),pc,2,4.58,0.09,4.99,2024-04-24 20:09:11
163,36,RIP - Trilogy(tm),pc,2,4.58,0.09,4.99,2024-04-25 06:53:55
164,70,RACE - The WTCC Game,pc,2,36.69,0.09,39.99,2024-04-25 14:24:34
165,80,Natural Selection 2,pc,2,9.17,0.09,9.99,2024-04-25 19:36:43
166,67,Shank,pc,2,9.17,0.09,9.99,2024-04-26 00:36:10
167,81,RACE On,pc,2,7.33,0.09,7.99,2024-04-26 01:45:22
168,79,RAGE,pc,2,9.17,0.09,9.99,2024-04-26 06:09:09
169,86,IL-2 Sturmovik: 1946,pc,2,9.17,0.09,9.99,2024-04-26 18:53:40
170,77,DeathSpank,pc,2,13.75,0.09,14.99,2024-04-26 22:49:50
171,70,BRINK,pc,2,7.33,0.09,7.99,2024-04-27 09:13:51
172,70,BRINK,pc,2,7.33,0.09,7.99,2024-04-27 10:59:10
173,77,Arma 2,pc,2,11.92,0.09,12.99,2024-04-27 13:52:47
174,68,CrimeCraft: GangWars,pc,1,0.0,0.09,0.0,2024-04-27 16:42:51
175,41,Moonbase Alpha,pc,2,0.0,0.09,0.0,2024-04-27 18:17:12
176,84,RIFT,pc,1,0.0,0.09,0.0,2024-04-27 18:54:02
177,72,Dungeon Siege III,pc,2,13.75,0.09,14.99,2024-04-28 03:04:33
178,67,AquaNox,pc,2,4.58,0.09,4.99,2024-04-28 06:18:15
179,66,Chaser,pc,2,4.58,0.09,4.99,2024-04-28 06:28:12
180,99,Nation Red,pc,2,9.17,0.09,9.99,2024-04-28 11:58:08
181,77,Supreme Commander 2,pc,2,11.92,0.09,12.99,2024-04-28 15:39:54
182,76,Rush for Berlin Gold,pc,2,4.58,0.09,4.99,2024-04-29 16:47:19
183,75,Tidalis,pc,2,4.58,0.09,4.99,2024-04-01 06:25:16
184,3,Sacraboar,pc,2,8.25,0.09,8.99,2024-04-01 11:19:25
185,81,Stronghold HD,pc,2,5.5,0.09,5.99,2024-04-01 12:43:36
186,81,Stronghold HD,pc,2,5.5,0.09,5.99,2024-04-01 18:57:15
187,81,Stronghold HD,pc,2,5.5,0.09,5.99,2024-04-02 13:05:16
188,72,Serious Sam 3: BFE,pc,2,36.69,0.09,39.99,2024-04-02 18:01:26
189,79,Altitude,pc,2,0.0,0.09,0.0,2024-04-02 18:36:28
190,20,Doom Rails,pc,2,2.74,0.09,2.99,2024-04-03 13:23:32
191,73,War of the Roses,pc,2,0.0,0.09,0.0,2024-04-03 17:45:20
192,96,DogFighter,pc,2,2.74,0.09,2.99,2024-04-03 20:07:52
193,76,Singularity(tm),pc,2,27.51,0.09,29.99,2024-04-04 10:41:28
194,74,Magicka,pc,2,9.17,0.09,9.99,2024-04-04 19:53:01
195,71,The Kings Crusade,pc,2,9.17,0.09,9.99,2024-04-05 10:19:31
196,75,Victoria II,pc,2,4.58,0.09,4.99,2024-04-05 12:25:30
197,25,Victoria I Complete,pc,2,2.28,0.09,2.49,2024-04-05 18:41:21
198,66,Super Laser  Racer,pc,2,4.58,0.09,4.99,2024-04-05 21:23:21
199,68,Galcon Fusion,pc,2,9.17,0.09,9.99,2024-04-06 05:51:12
200,84,F1 2010(tm),pc,2,9.17,0.09,9.99,2024-04-06 11:24:02
201,80,GRID 2,pc,2,27.51,0.09,29.99,2024-04-06 13:05:22
202,83,F1 2011,pc,2,13.75,0.09,14.99,2024-04-08 03:22:46
203,72,RACE Injection,pc,2,11.92,0.09,12.99,2024-04-08 09:50:10
204,84,GT Legends,pc,2,7.33,0.09,7.99,2024-04-08 10:09:48
205,75,Sol Survivor,pc,2,9.17,0.09,9.99,2024-04-08 12:59:12
206,59,Ignite,pc,2,9.17,0.09,9.99,2024-04-09 00:22:31
207,14,Clickr,pc,2,4.58,0.09,4.99,2024-04-09 06:45:46
208,78,Dead Rising(r) 2,pc,2,18.34,0.09,19.99,2024-04-09 18:28:57
209,63,Lost Planet(r) 2,pc,2,18.34,0.09,19.99,2024-04-09 18:50:12
210,66,Theatre of War,pc,2,3.66,0.09,3.99,2024-04-09 21:46:31
211,35,Future Wars,pc,2,4.58,0.09,4.99,2024-04-10 01:21:49
212,50,Trapped Dead,pc,2,3.43,0.09,3.74,2024-04-10 09:36:28
213,8,Swarm Arena,pc,2,4.58,0.09,4.99,2024-04-10 23:29:28
214,91,Dimensity,pc,2,9.17,0.09,9.99,2024-04-11 23:19:21
215,66,Armada 2526,pc,2,13.75,0.09,14.99,2024-04-12 16:00:54
216,66,Stronghold 3 Gold,pc,2,27.51,0.09,29.99,2024-04-13 01:37:53
217,75,Stronghold Kingdoms,pc,1,0.0,0.09,0.0,2024-04-13 02:34:20
218,83,Puzzle Quest 2,pc,2,9.17,0.09,9.99,2024-04-13 16:11:58
219,87,Dead Space(tm) 2,pc,2,18.34,0.09,19.99,2024-04-14 02:27:13
220,72,Medal of Honor(tm),pc,2,18.34,0.09,19.99,2024-04-14 19:37:04
221,77,RISK(tm): Factions,pc,2,9.17,0.09,9.99,2024-04-15 00:04:46
222,72,Medal of Honor(tm),pc,2,18.34,0.09,19.99,2024-04-15 11:23:01
223,84,Shift 2 Unleashed,pc,2,18.34,0.09,19.99,2024-04-15 21:51:59
224,83,Anno 2070(tm),pc,2,18.34,0.09,19.99,2024-04-15 22:35:20
225,76,Greed Corp,pc,2,9.17,0.09,9.99,2024-04-16 10:49:40
226,70,Beat Hazard,pc,2,9.17,0.09,9.99,2024-04-16 12:49:58
227,76,Plain Sight,pc,2,4.58,0.09,4.99,2024-04-16 14:19:11
228,76,Spec Ops: The Line,pc,2,27.51,0.09,29.99,2024-04-16 17:01:48
229,40,Air Forte,pc,2,9.17,0.09,9.99,2024-04-17 10:07:37
230,75,Atom Zombie Smasher,pc,2,9.17,0.09,9.99,2024-04-18 01:19:44
231,70,Homefront,pc,2,4.58,0.09,4.99,2024-04-18 02:43:57
232,9,MX vs. ATV Reflex,pc,2,18.34,0.09,19.99,2024-04-18 11:40:49
233,54,Duke Nukem Forever,pc,2,18.34,0.09,19.99,2024-04-18 23:06:31
234,50,ProtoGalaxy,pc,2,0.0,0.09,0.0,2024-04-19 02:35:48
235,81,Power of Defense,pc,2,9.17,0.09,9.99,2024-04-19 09:12:41
236,76,Critter Crunch,pc,2,6.41,0.09,6.99,2024-04-19 22:35:57
237,65,HOARD,pc,2,9.17,0.09,9.99,2024-04-20 09:34:39
238,82,Monday Night Combat,pc,2,4.58,0.09,4.99,2024-04-20 09:49:52
239,82,Monday Night Combat,pc,2,4.58,0.09,4.99,2024-04-20 12:37:54
240,66,Sniper Elite V2,pc,2,27.51,0.09,29.99,2024-04-21 09:17:58
241,29,Delve Deeper,pc,2,4.58,0.09,4.99,2024-04-21 09:37:07
242,67,Fantasy Wars,pc,2,4.58,0.09,4.99,2024-04-21 13:29:51
243,68,Men of War: Vietnam,pc,2,7.33,0.09,7.99,2024-04-22 03:30:20
244,100,Archon Classic,pc,2,9.17,0.09,9.99,2024-04-22 15:04:47
245,70,Take On Helicopters,pc,2,18.34,0.09,19.99,2024-04-22 15:12:52
246,66,ARMA: Gold Edition,pc,2,9.17,0.09,9.99,2024-04-22 21:08:29
247,81,Dungeon Defenders,pc,2,13.75,0.09,14.99,2024-04-22 21:52:33
248,53,Dino D-Day,pc,2,9.17,0.09,9.99,2024-04-22 22:11:00
249,12,Star Ruler,pc,2,13.75,0.09,14.99,2024-04-23 12:52:05
250,70,Evochron Mercenary,pc,2,18.34,0.09,19.99,2024-04-23 16:27:02
251,6,Golden Axe(tm) II,pc,2,2.74,0.09,2.99,2024-04-23 16:40:10
252,66,Virtua Fighter(tm) 2,pc,2,2.74,0.09,2.99,2024-04-24 01:20:33
253,76,Gunstar Heroes,pc,2,2.74,0.09,2.99,2024-04-24 20:09:11
254,99,Sonic 3 and Knuckles,pc,2,4.58,0.09,4.99,2024-04-25 06:53:55
255,29,Sonic the Hedgehog 2,pc,2,4.58,0.09,4.99,2024-04-25 14:24:34
256,90,Streets of Rage,pc,2,2.74,0.09,2.99,2024-04-25 19:36:43
257,48,Streets of Rage 2,pc,2,2.74,0.09,2.99,2024-04-26 00:36:10
258,18,ToeJam & Earl,pc,2,4.58,0.09,4.99,2024-04-26 01:45:22
259,51,Clones,pc,2,9.17,0.09,9.99,2024-04-26 06:09:09
260,65,Majesty 2 Collection,pc,2,18.34,0.09,19.99,2024-04-26 18:53:40
261,58,Defenders of Ardania,pc,2,9.17,0.09,9.99,2024-04-26 22:49:50
262,70,Pride of Nations,pc,2,18.34,0.09,19.99,2024-04-27 09:13:51
263,70,Sengoku,pc,2,9.17,0.09,9.99,2024-04-27 10:59:10
264,48,APOX,pc,2,13.75,0.09,14.99,2024-04-27 13:52:47
265,73,SkyDrift,pc,2,9.17,0.09,9.99,2024-04-27 16:42:51
266,70,Sanctum,pc,2,9.17,0.09,9.99,2024-04-27 18:17:12
267,60,DETOUR,pc,2,0.45,0.09,0.49,2024-04-27 18:54:02
268,47,GundeadliGne,pc,2,3.66,0.09,3.99,2024-04-28 03:04:33
269,81,Jamestown,pc,2,9.17,0.09,9.99,2024-04-28 06:18:15
270,81,Nidhogg,pc,2,13.75,0.09,14.99,2024-04-28 06:28:12
271,80,Capsized,pc,2,9.17,0.09,9.99,2024-04-28 11:58:08
272,83,ibb & obb,pc,2,11.0,0.09,11.99,2024-04-28 15:39:54
273,54,Nexuiz,pc,2,9.17,0.09,9.99,2024-04-29 16:47:19
274,58,Slam Bolt Scrappers,pc,2,9.17,0.09,9.99,2024-04-01 06:25:16
275,79,Kohan: Ahrimans Gift,pc,2,9.17,0.09,9.99,2024-04-01 11:19:25
276,85,Frozen Synapse,pc,2,22.93,0.09,24.99,2024-04-01 12:43:36
277,57,Naval Warfare,pc,2,2.74,0.09,2.99,2024-04-01 18:57:15
278,56,Yars Revenge,pc,2,9.17,0.09,9.99,2024-04-02 13:05:16
279,76,Renegade Ops,pc,2,13.76,0.09,15.0,2024-04-02 18:01:26
280,64,Spiral Knights,pc,1,0.0,0.09,0.0,2024-04-02 18:36:28
281,32,Puzzle Pirates,pc,1,0.0,0.09,0.0,2024-04-03 13:23:32
282,70,Vertex Dispenser,pc,2,9.17,0.09,9.99,2024-04-03 17:45:20
283,69,Gatling Gears,pc,2,9.17,0.09,9.99,2024-04-03 20:07:52
284,76,Super MNC,pc,2,0.0,0.09,0.0,2024-04-04 10:41:28
285,18,ORION: Prelude,pc,2,0.0,0.09,0.0,2024-04-04 19:53:01
286,13,Ms. Splosion Man,pc,2,9.17,0.09,9.99,2024-04-05 10:19:31
287,83,Terraria,pc,2,9.17,0.09,9.99,2024-04-05 12:25:30
288,74,Arma 3,pc,2,36.69,0.09,39.99,2024-04-05 18:41:21
289,75,War Inc. Battlezone,pc,1,0.0,0.09,0.0,2024-04-05 21:23:21
290,95,Ticket to Ride,pc,2,9.17,0.09,9.99,2024-04-06 05:51:12
291,83,Memoir 44 Online,pc,2,0.0,0.09,0.0,2024-04-06 11:24:02
292,68,Project Zomboid,pc,2,13.75,0.09,14.99,2024-04-06 13:05:22
293,1,Death Rally,pc,2,9.17,0.09,9.99,2024-04-08 03:22:46
294,66,MicroVolts Surge,pc,2,0.0,0.09,0.0,2024-04-08 09:50:10
295,74,Neverwinter,pc,1,0.0,0.09,0.0,2024-04-08 10:09:48
296,54,Achron,pc,2,18.34,0.09,19.99,2024-04-08 12:59:12
297,59,inMomentum,pc,2,9.17,0.09,9.99,2024-04-09 00:22:31
298,64,Bunch of Heroes,pc,2,4.58,0.09,4.99,2024-04-09 06:45:46
299,73,APB Reloaded,pc,1,0.0,0.09,0.0,2024-04-09 18:28:57
300,75,Iron Brigade,pc,2,13.75,0.09,14.99,2024-04-09 18:50:12
301,86,Super Toy Cars,pc,2,9.17,0.09,9.99,2024-04-09 21:46:31
302,73,Worms Revolution,pc,2,13.75,0.09,14.99,2024-04-10 01:21:49
303,71,Sideway(tm) New York,pc,2,9.17,0.09,9.99,2024-04-10 09:36:28
304,82,Realm of the Mad God,pc,1,0.0,0.09,0.0,2024-04-10 23:29:28
305,60,Off-Road Drive,pc,2,6.41,0.09,6.99,2024-04-11 23:19:21
306,67,Oil Rush,pc,2,7.33,0.09,7.99,2024-04-12 16:00:54
307,89,XCOM: Enemy Unknown,pc,2,27.51,0.09,29.99,2024-04-13 01:37:53
308,88,Torchlight II,pc,2,18.34,0.09,19.99,2024-04-13 02:34:20
309,9,Revelations 2012,pc,2,2.28,0.09,2.49,2024-04-13 16:11:58
310,35,Pox Nora,pc,2,0.0,0.09,0.0,2024-04-14 02:27:13
311,45,Total War: SHOGUN 2,pc,2,22.93,0.09,24.99,2024-04-14 19:37:04
312,66,Really Big Sky,pc,2,4.58,0.09,4.99,2024-04-15 00:04:46
313,72,DiRT Showdown,pc,2,13.75,0.09,14.99,2024-04-15 11:23:01
314,45,Impire,pc,2,18.34,0.09,19.99,2024-04-15 21:51:59
315,60,Leviathan: Warships,pc,2,9.17,0.09,9.99,2024-04-15 22:35:20
316,75,Scary Girl,pc,2,6.41,0.09,6.99,2024-04-16 10:49:40
317,76,Demigod,pc,2,9.17,0.09,9.99,2024-04-16 12:49:58
318,86,Tomb Raider,pc,2,18.34,0.09,19.99,2024-04-16 14:19:11
319,62,F1 RACE STARS(tm),pc,2,13.75,0.09,14.99,2024-04-16 17:01:48
320,68,Binary Domain,pc,2,13.75,0.09,14.99,2024-04-17 10:07:37
321,82,Crusader Kings II,pc,2,9.17,0.09,9.99,2024-04-18 01:19:44
322,67,The Showdown Effect,pc,2,2.28,0.09,2.49,2024-04-18 02:43:57
323,87,Max Payne 3,pc,2,18.34,0.09,19.99,2024-04-18 11:40:49
324,78,Awesomenauts,pc,2,9.17,0.09,9.99,2024-04-18 23:06:31
325,74,Serious Sam 2,pc,2,9.17,0.09,9.99,2024-04-19 02:35:48
326,12,Castle Crashers(r),pc,2,13.75,0.09,14.99,2024-04-19 09:12:41
327,51,Confrontation,pc,2,18.34,0.09,19.99,2024-04-19 22:35:57
328,79,Rotastic,pc,2,9.17,0.09,9.99,2024-04-20 09:34:39
329,39,Deep Black: Reloaded,pc,2,27.51,0.09,29.99,2024-04-20 09:49:52
330,42,Babel Rising,pc,2,9.17,0.09,9.99,2024-04-20 12:37:54
331,13,Magical Drop V,pc,2,0.91,0.09,0.99,2024-04-21 09:17:58
332,78,Rocksmith(tm),pc,2,27.51,0.09,29.99,2024-04-21 09:37:07
333,45,Port Royale 3,pc,2,13.75,0.09,14.99,2024-04-21 13:29:51
334,42,Clan of Champions,pc,2,36.69,0.09,39.99,2024-04-22 03:30:20
335,83,AirMech(r),pc,2,0.0,0.09,0.0,2024-04-22 15:04:47
336,56,Bang Bang Racing,pc,2,9.17,0.09,9.99,2024-04-22 15:12:52
337,84,SpeedRunners,pc,2,13.75,0.09,14.99,2024-04-22 21:08:29
338,74,Stellar Impact,pc,2,9.17,0.09,9.99,2024-04-22 21:52:33
339,59,Fireburst,pc,2,9.17,0.09,9.99,2024-04-22 22:11:00
340,91,ArcheBlade(tm),pc,2,0.0,0.09,0.0,2024-04-23 12:52:05
341,74,Cubemen,pc,2,3.66,0.09,3.99,2024-04-23 16:27:02
342,86,Rayman(r) Origins,pc,2,18.34,0.09,19.99,2024-04-23 16:40:10
343,65,A Virus Named TOM,pc,2,9.17,0.09,9.99,2024-04-24 01:20:33
344,27,Arena Wars 2,pc,2,3.66,0.09,3.99,2024-04-24 20:09:11
345,61,Sacred Citadel,pc,2,9.17,0.09,9.99,2024-04-25 06:53:55
346,45,Moon Breakers,pc,2,0.0,0.09,0.0,2024-04-25 14:24:34
347,72,Loadout,pc,2,0.0,0.09,0.0,2024-04-25 19:36:43
348,40,Doom 3: BFG Edition,pc,2,18.34,0.09,19.99,2024-04-26 00:36:10
349,50,Tryst,pc,2,13.75,0.09,14.99,2024-04-26 01:45:22
350,80,F1 2012(tm),pc,2,18.34,0.09,19.99,2024-04-26 06:09:09
351,50,Lunar Flight,pc,2,13.75,0.09,14.99,2024-04-26 18:53:40
352,63,Blades of Time,pc,2,9.17,0.09,9.99,2024-04-26 22:49:50
353,14,Colour Bind,pc,2,9.17,0.09,9.99,2024-04-27 09:13:51
354,82,Mad Riders(tm),pc,2,9.17,0.09,9.99,2024-04-27 10:59:10
355,75,Hero Academy,pc,2,4.58,0.09,4.99,2024-04-27 13:52:47
356,44,Cortex Command,pc,2,18.34,0.09,19.99,2024-04-27 16:42:51
357,74,War of the Immortals,pc,1,0.0,0.09,0.0,2024-04-27 18:17:12
358,77,Sanctum 2,pc,2,13.75,0.09,14.99,2024-04-27 18:54:02
359,74,Rune Classic,pc,2,9.17,0.09,9.99,2024-04-28 03:04:33
360,69,Check vs Mate,pc,2,18.34,0.09,19.99,2024-04-28 06:18:15
361,59,Streets of Rage 3,pc,2,2.74,0.09,2.99,2024-04-28 06:28:12
362,35,Adventures of Shuggy,pc,2,4.58,0.09,4.99,2024-04-28 11:58:08
363,8,Wanderlust: Rebirth,pc,2,7.33,0.09,7.99,2024-04-28 15:39:54
364,82,Starbound,pc,2,11.69,0.09,12.74,2024-04-29 16:47:19
365,75,Star Conflict,pc,1,0.0,0.09,0.0,2024-04-01 06:25:16
366,76,Vindictus,pc,1,0.0,0.09,0.0,2024-04-01 11:19:25
367,59,Mabinogi,pc,1,0.0,0.09,0.0,2024-04-01 12:43:36
368,33,Inversion(tm),pc,2,9.17,0.09,9.99,2024-04-01 18:57:15
369,58,Party of Sin,pc,2,9.17,0.09,9.99,2024-04-02 13:05:16
370,100,ThunderWheels Demo,pc,2,0.0,0.09,0.0,2024-04-02 18:01:26
371,16,Sonic Adventure 2,pc,2,9.17,0.09,9.99,2024-04-02 18:36:28
372,69,Minimum,pc,2,9.17,0.09,9.99,2024-04-03 13:23:32
373,59,Tower Wars,pc,2,7.33,0.09,7.99,2024-04-03 17:45:20
374,39,Gear Up,pc,2,0.0,0.09,0.0,2024-04-03 20:07:52
375,76,WAKFU,pc,1,0.0,0.09,0.0,2024-04-04 10:41:28
376,79,Ragnarok Online,pc,1,0.0,0.09,0.0,2024-04-04 19:53:01
377,98,ROSE Online,pc,1,0.0,0.09,0.0,2024-04-05 10:19:31
378,74,The Secret World,pc,1,27.51,0.09,29.99,2024-04-05 12:25:30
379,67,Primal Carnage,pc,2,7.33,0.09,7.99,2024-04-05 18:41:21
380,61,Dream Pinball 3D,pc,2,6.41,0.09,6.99,2024-04-05 21:23:21
381,55,Dungeon-Party,pc,2,0.0,0.09,0.0,2024-04-06 05:51:12
382,53,Gemini Wars,pc,2,13.75,0.09,14.99,2024-04-06 11:24:02
383,36,MapleStory,pc,1,0.0,0.09,0.0,2024-04-06 13:05:22
384,52,Great Big War Game,pc,2,6.41,0.09,6.99,2024-04-08 03:22:46
385,67,Rise of the Triad,pc,2,13.75,0.09,14.99,2024-04-08 09:50:10
386,71,Worms Armageddon,pc,2,13.75,0.09,14.99,2024-04-08 10:09:48
387,76,Dins Curse,pc,2,9.17,0.09,9.99,2024-04-08 12:59:12
388,16,Dogfight 1942,pc,2,9.17,0.09,9.99,2024-04-09 00:22:31
389,67,Dungeonland,pc,2,0.0,0.09,0.0,2024-04-09 06:45:46
390,84,PlanetSide 2,pc,1,0.0,0.09,0.0,2024-04-09 18:28:57
391,98,Frontline Tactics,pc,2,0.0,0.09,0.0,2024-04-09 18:50:12
392,66,Smashmuck Champions,pc,2,0.0,0.09,0.0,2024-04-09 21:46:31
393,15,Planets Under Attack,pc,2,9.17,0.09,9.99,2024-04-10 01:21:49
394,79,PAYDAY 2,pc,2,18.34,0.09,19.99,2024-04-10 09:36:28
395,63,Pid,pc,2,9.17,0.09,9.99,2024-04-10 23:29:28
396,76,Mercenary Kings,pc,2,18.34,0.09,19.99,2024-04-11 23:19:21
397,15,Ultratron,pc,2,9.17,0.09,9.99,2024-04-12 16:00:54
398,65,Droid Assault,pc,2,9.17,0.09,9.99,2024-04-13 01:37:53
399,51,Dogs of War Online,pc,2,0.0,0.09,0.0,2024-04-13 02:34:20
400,81,King Arthurs Gold,pc,2,9.17,0.09,9.99,2024-04-13 16:11:58
401,83,Grim Dawn,pc,2,22.93,0.09,24.99,2024-04-14 02:27:13
402,88,Far Cry 3,pc,2,18.34,0.09,19.99,2024-04-14 19:37:04
403,77,DayZ,pc,2,32.1,0.09,34.99,2024-04-15 00:04:46
404,58,Monopoly,pc,2,9.17,0.09,9.99,2024-04-15 11:23:01
405,68,Age of Empires II HD,pc,2,18.34,0.09,19.99,2024-04-15 21:51:59
406,81,DG2: Defense Grid 2,pc,2,13.75,0.09,14.99,2024-04-15 22:35:20
407,53,Rocksmith 2014,pc,2,36.69,0.09,39.99,2024-04-16 10:49:40
408,68,The Cave,pc,2,13.75,0.09,14.99,2024-04-16 12:49:58
409,38,Champions of Regnum,pc,1,0.0,0.09,0.0,2024-04-16 14:19:11
410,74,Insurgency,pc,2,9.17,0.09,9.99,2024-04-16 17:01:48
411,88,Dead Pixels,pc,2,2.74,0.09,2.99,2024-04-17 10:07:37
412,59,Perpetuum,pc,1,9.17,0.09,9.99,2024-04-18 01:19:44
413,52,Miner Wars 2081,pc,2,9.17,0.09,9.99,2024-04-18 02:43:57
414,8,Blockscape,pc,2,18.34,0.09,19.99,2024-04-18 11:40:49
415,77,F1 2013,pc,2,22.93,0.09,24.99,2024-04-18 23:06:31
416,28,DCS World,pc,2,0.0,0.09,0.0,2024-04-19 02:35:48
417,64,Pressure,pc,2,7.33,0.09,7.99,2024-04-19 09:12:41
418,39,No More Room in Hell,pc,2,0.0,0.09,0.0,2024-04-19 22:35:57
419,64,Defiance,pc,1,0.0,0.09,0.0,2024-04-20 09:34:39
420,80,Brutal Legend,pc,2,13.75,0.09,14.99,2024-04-20 09:49:52
421,97,Full Mojo Rampage,pc,2,11.92,0.09,12.99,2024-04-20 12:37:54
422,72,Cities in Motion 2,pc,2,18.34,0.09,19.99,2024-04-21 09:17:58
423,72,Blade Symphony,pc,2,9.17,0.09,9.99,2024-04-21 09:37:07
424,28,Sven Co-op,pc,2,0.0,0.09,0.0,2024-04-21 13:29:51
425,61,F1 2014,pc,2,27.51,0.09,29.99,2024-04-22 03:30:20
426,34,LOST PLANET(r) 3,pc,2,22.93,0.09,24.99,2024-04-22 15:04:47
427,80,Age of Wonders III,pc,2,27.51,0.09,29.99,2024-04-22 15:12:52
428,69,Ironclad Tactics,pc,2,13.75,0.09,14.99,2024-04-22 21:08:29
429,66,Rise of Venice,pc,2,22.93,0.09,24.99,2024-04-22 21:52:33
430,25,Kingdom Wars,pc,1,0.0,0.09,0.0,2024-04-22 22:11:00
431,58,God Mode,pc,2,9.17,0.09,9.99,2024-04-23 12:52:05
432,10,Scourge: Outbreak,pc,2,7.33,0.09,7.99,2024-04-23 16:27:02
433,93,StarForge,pc,2,9.17,0.09,9.99,2024-04-23 16:40:10
434,60,Firefall,pc,1,0.0,0.09,0.0,2024-04-24 01:20:33
435,71,March of the Eagles,pc,2,18.34,0.09,19.99,2024-04-24 20:09:11
436,70,Retrovirus,pc,2,9.17,0.09,9.99,2024-04-25 06:53:55
437,58,Castle Story,pc,2,18.34,0.09,19.99,2024-04-25 14:24:34
438,54,Heroes & Generals,pc,1,0.0,0.09,0.0,2024-04-25 19:36:43
439,68,Cubemen 2,pc,2,7.33,0.09,7.99,2024-04-26 00:36:10
440,81,TrackMania2 Canyon,pc,2,18.34,0.09,19.99,2024-04-26 01:45:22
441,29,Carnage Racing (tm),pc,2,0.0,0.09,0.0,2024-04-26 06:09:09
442,72,Skulls of the Shogun,pc,2,9.17,0.09,9.99,2024-04-26 18:53:40
443,62,Bientot lete,pc,2,9.17,0.09,9.99,2024-04-26 22:49:50
444,60,A Fistful of Gun,pc,2,11.92,0.09,12.99,2024-04-27 09:13:51
445,76,ShootMania Storm,pc,2,18.34,0.09,19.99,2024-04-27 10:59:10
446,11,Joe Danger,pc,2,13.75,0.09,14.99,2024-04-27 13:52:47
447,71,N++ (NPLUSPLUS),pc,2,13.75,0.09,14.99,2024-04-27 16:42:51
448,68,Warframe,pc,2,0.0,0.09,0.0,2024-04-27 18:17:12
449,74,Cannon Brawl,pc,2,4.53,0.09,4.94,2024-04-27 18:54:02
450,57,Ragnarok Online 2,pc,1,0.0,0.09,0.0,2024-04-28 03:04:33
451,73,MirrorMoon EP,pc,2,9.17,0.09,9.99,2024-04-28 06:18:15
452,53,Deadfall Adventures,pc,2,0.0,0.09,0.0,2024-04-28 06:28:12
453,80,Company of Heroes 2,pc,2,6.87,0.09,7.49,2024-04-28 11:58:08
454,71,Killing Floor 2,pc,2,27.51,0.09,29.99,2024-04-28 15:39:54
455,3,SolForge,pc,2,0.0,0.09,0.0,2024-04-29 16:47:19
456,76,TrackMania2 Stadium,pc,2,9.17,0.09,9.99,2024-04-01 06:25:16
457,69,Thunder Wolves,pc,2,9.17,0.09,9.99,2024-04-01 11:19:25
458,66,Final Exam,pc,2,9.17,0.09,9.99,2024-04-01 12:43:36
459,62,Distance,pc,2,18.34,0.09,19.99,2024-04-01 18:57:15
460,73,Worms Clan Wars,pc,2,22.93,0.09,24.99,2024-04-02 13:05:16
461,68,UnEpic,pc,2,11.92,0.09,12.99,2024-04-02 18:01:26
462,6,Gear Up,pc,2,0.0,0.09,0.0,2024-04-02 18:36:28
463,18,Scrabble,pc,2,9.17,0.09,9.99,2024-04-03 13:23:32
464,74,Marvel Puzzle Quest,pc,2,0.0,0.09,0.0,2024-04-03 17:45:20
465,59,Shattered Haven,pc,2,9.17,0.09,9.99,2024-04-03 20:07:52
466,83,Rush Bros.,pc,2,9.17,0.09,9.99,2024-04-04 10:41:28
467,62,War of the Vikings,pc,2,22.93,0.09,24.99,2024-04-04 19:53:01
468,83,Project CARS,pc,2,27.51,0.09,29.99,2024-04-05 10:19:31
469,61,Original War,pc,2,4.58,0.09,4.99,2024-04-05 12:25:30
470,65,Prime World,pc,1,0.0,0.09,0.0,2024-04-05 18:41:21
471,49,Blitzkrieg 3,pc,1,27.51,0.09,29.99,2024-04-05 21:23:21
472,70,Small World 2,pc,2,9.17,0.09,9.99,2024-04-06 05:51:12
473,76,Audiosurf 2,pc,2,13.75,0.09,14.99,2024-04-06 11:24:02
474,79,Dungeon Defenders II,pc,2,0.0,0.09,0.0,2024-04-06 13:05:22
475,82,Interstellar Marines,pc,2,9.17,0.09,9.99,2024-04-08 03:22:46
476,82,War Thunder,pc,1,0.0,0.09,0.0,2024-04-08 09:50:10
477,91,DARK SOULS(tm) II,pc,2,36.69,0.09,39.99,2024-04-08 10:09:48
478,100,PAC-MAN MUSEUM(tm),pc,2,0.0,0.09,0.0,2024-04-08 12:59:12
479,34,Takedown: Red Sabre,pc,2,4.58,0.09,4.99,2024-04-09 00:22:31
480,76,Blood Bowl 2,pc,2,41.28,0.09,44.99,2024-04-09 06:45:46
481,77,Anomaly 2,pc,2,13.75,0.09,14.99,2024-04-09 18:28:57
482,22,Elsword,pc,1,0.0,0.09,0.0,2024-04-09 18:50:12
483,79,Frozen Cortex,pc,2,22.93,0.09,24.99,2024-04-09 21:46:31
484,57,Planet Explorers,pc,2,22.93,0.09,24.99,2024-04-10 01:21:49
485,94,Sniper Elite 3,pc,2,45.86,0.09,49.99,2024-04-10 09:36:28
486,40,Edge of Space,pc,2,13.75,0.09,14.99,2024-04-10 23:29:28
487,8,Pinball Arcade,pc,2,0.0,0.09,0.0,2024-04-11 23:19:21
488,62,Legend of Dungeon,pc,2,9.17,0.09,9.99,2024-04-12 16:00:54
489,69,Magicka 2,pc,2,13.75,0.09,14.99,2024-04-13 01:37:53
490,62,Contagion,pc,2,9.17,0.09,9.99,2024-04-13 02:34:20
491,73,Fist Puncher,pc,2,9.17,0.09,9.99,2024-04-13 16:11:58
492,64,Skyward Collapse,pc,2,4.58,0.09,4.99,2024-04-14 02:27:13
493,86,Path of Exile,pc,1,0.0,0.09,0.0,2024-04-14 19:37:04
494,72,Hammerwatch,pc,2,9.17,0.09,9.99,2024-04-15 00:04:46
495,78,Samurai Gunn,pc,2,13.75,0.09,14.99,2024-04-15 11:23:01
496,90,Spelunky,pc,2,13.75,0.09,14.99,2024-04-15 21:51:59
497,50,Gun Monkeys,pc,2,5.5,0.09,5.99,2024-04-15 22:35:20
498,16,Soldier Front 2,pc,2,0.0,0.09,0.0,2024-04-16 10:49:40
499,81,Bleed,pc,2,4.58,0.09,4.99,2024-04-16 12:49:58
500,85,Panzar,pc,2,0.0,0.09,0.0,2024-04-16 14:19:11
501,70,WWE 2K15,pc,2,45.86,0.09,49.99,2024-04-16 17:01:48
502,16,MotoGP(tm)13,pc,2,18.34,0.09,19.99,2024-04-17 10:07:37
503,79,Contraption Maker,pc,2,6.41,0.09,6.99,2024-04-18 01:19:44
504,73,CastleStorm,pc,2,9.17,0.09,9.99,2024-04-18 02:43:57
505,71,The Crew(tm),pc,1,27.51,0.09,29.99,2024-04-18 11:40:49
506,73,Guncraft,pc,2,13.75,0.09,14.99,2024-04-18 23:06:31
507,57,Kill to Collect,pc,2,18.34,0.09,19.99,2024-04-19 02:35:48
508,57,Vector Thrust,pc,2,22.93,0.09,24.99,2024-04-19 09:12:41
509,40,The Chaos Engine,pc,2,9.17,0.09,9.99,2024-04-19 22:35:57
510,89,Rayman(r) Legends,pc,2,27.51,0.09,29.99,2024-04-20 09:34:39
511,58,Space Hulk,pc,2,22.93,0.09,24.99,2024-04-20 09:49:52
512,88,Nuclear Throne,pc,2,11.0,0.09,11.99,2024-04-20 12:37:54
513,96,The Forest,pc,2,13.75,0.09,14.99,2024-04-21 09:17:58
514,70,Verdun,pc,2,22.93,0.09,24.99,2024-04-21 09:37:07
515,31,TrackMania2 Valley,pc,2,18.34,0.09,19.99,2024-04-21 13:29:51
516,77,Watch_Dogs(tm),pc,2,27.51,0.09,29.99,2024-04-22 03:30:20
517,73,Gas Guzzlers Extreme,pc,2,22.93,0.09,24.99,2024-04-22 15:04:47
518,84,Take On Mars,pc,2,20.17,0.09,21.99,2024-04-22 15:12:52
519,85,Assetto Corsa,pc,2,27.51,0.09,29.99,2024-04-22 21:08:29
520,70,Supreme Ruler 1936,pc,2,3.66,0.09,3.99,2024-04-22 21:52:33
521,16,Epigenesis,pc,2,0.0,0.09,0.0,2024-04-22 22:11:00
522,50,NEOTOKYO,pc,2,0.0,0.09,0.0,2024-04-23 12:52:05
523,73,Divekick,pc,2,4.58,0.09,4.99,2024-04-23 16:27:02
524,65,StarMade,pc,2,13.75,0.09,14.99,2024-04-23 16:40:10
525,69,Foul Play,pc,2,13.75,0.09,14.99,2024-04-24 01:20:33
526,60,Space Engineers,pc,2,22.93,0.09,24.99,2024-04-24 20:09:11
527,47,SNOW,pc,2,0.0,0.09,0.0,2024-04-25 06:53:55
528,83,Skullgirls,pc,2,9.17,0.09,9.99,2024-04-25 14:24:34
529,62,Etherium,pc,2,18.34,0.09,19.99,2024-04-25 19:36:43
530,80,Trials Fusion(tm),pc,2,18.34,0.09,19.99,2024-04-26 00:36:10
531,75,Tropico 5,pc,2,5.72,0.09,6.24,2024-04-26 01:45:22
532,33,Happy Wars,pc,2,0.0,0.09,0.0,2024-04-26 06:09:09
533,89,Plague Inc: Evolved,pc,2,13.75,0.09,14.99,2024-04-26 18:53:40
534,73,Strike Vector,pc,2,11.0,0.09,11.99,2024-04-26 22:49:50
535,5,Jeklynn Heights,pc,2,6.41,0.09,6.99,2024-04-27 09:13:51
536,38,Recruits,pc,2,9.17,0.09,9.99,2024-04-27 10:59:10
537,56,Bombernauts,pc,2,9.17,0.09,9.99,2024-04-27 13:52:47
538,57,Nether: Resurrected,pc,1,4.58,0.09,4.99,2024-04-27 16:42:51
539,57,Sacred 3,pc,2,13.75,0.09,14.99,2024-04-27 18:17:12
540,53,Clickteam Fusion 2.5,pc,1,91.73,0.09,99.99,2024-04-27 18:54:02
541,12,Dino Run DX,pc,2,5.5,0.09,5.99,2024-04-28 03:04:33
542,83,Omegalodon,pc,2,9.17,0.09,9.99,2024-04-28 06:18:15
543,40,Craft The World,pc,2,17.42,0.09,18.99,2024-04-28 06:28:12
544,40,Legends of Aethereus,pc,2,27.51,0.09,29.99,2024-04-28 11:58:08
545,69,Megabyte Punch,pc,2,13.75,0.09,14.99,2024-04-28 15:39:54
546,27,Toribash,pc,2,0.0,0.09,0.0,2024-04-29 16:47:19
547,6,Kingdoms Rise,pc,2,13.75,0.09,14.99,2024-04-01 06:25:16
548,77,Risk of Rain,pc,2,9.17,0.09,9.99,2024-04-01 11:19:25
549,82,NEStalgia,pc,1,13.75,0.09,14.99,2024-04-01 12:43:36
550,58,The Castle Doctrine,pc,1,14.67,0.09,15.99,2024-04-01 18:57:15
551,13,Galactic Arms Race,pc,2,2.74,0.09,2.99,2024-04-02 13:05:16
552,52,Forge Quest,pc,2,13.75,0.09,14.99,2024-04-02 18:01:26
553,25,METAL SLUG 3,pc,2,7.33,0.09,7.99,2024-04-02 18:36:28
554,14,Blockland,pc,2,9.17,0.09,9.99,2024-04-03 13:23:32
555,60,How to Survive,pc,2,13.75,0.09,14.99,2024-04-03 17:45:20
556,76,Fight The Dragon,pc,2,13.75,0.09,14.99,2024-04-03 20:07:52
557,56,Croixleur Sigma,pc,2,3.66,0.09,3.99,2024-04-04 10:41:28
558,78,Wargame: Red Dragon,pc,2,36.69,0.09,39.99,2024-04-04 19:53:01
559,72,Damned,pc,2,18.34,0.09,19.99,2024-04-05 10:19:31
560,48,Hive,pc,2,2.28,0.09,2.49,2024-04-05 12:25:30
561,87,TowerFall Ascension,pc,2,13.75,0.09,14.99,2024-04-05 18:41:21
562,87,7 Days to Die,pc,2,22.93,0.09,24.99,2024-04-05 21:23:21
563,53,Speedball 2 HD,pc,2,9.17,0.09,9.99,2024-04-06 05:51:12
564,71,Steel Storm A.M.M.O.,pc,2,9.17,0.09,9.99,2024-04-06 11:24:02
565,52,World of Diving,pc,2,18.34,0.09,19.99,2024-04-06 13:05:22
566,18,Gimbal,pc,2,13.75,0.09,14.99,2024-04-08 03:22:46
567,51,Double Dragon: Neon,pc,2,9.17,0.09,9.99,2024-04-08 09:50:10
568,66,Rust,pc,1,18.34,0.09,19.99,2024-04-08 10:09:48
569,77,Death Road to Canada,pc,2,13.75,0.09,14.99,2024-04-08 12:59:12
570,29,Fantasy Grounds,pc,2,36.69,0.09,39.99,2024-04-09 00:22:31
571,59,Vox,pc,2,9.17,0.09,9.99,2024-04-09 06:45:46
572,22,Streamline,pc,2,0.0,0.09,0.0,2024-04-09 18:28:57
573,56,PULSAR: Lost Colony,pc,2,22.93,0.09,24.99,2024-04-09 18:50:12
574,86,Rocket League(r),pc,2,18.34,0.09,19.99,2024-04-09 21:46:31
575,31,McDROID,pc,2,18.34,0.09,19.99,2024-04-10 01:21:49
576,71,FOTONICA,pc,2,9.17,0.09,9.99,2024-04-10 09:36:28
577,24,CastleMiner Z,pc,2,3.66,0.09,3.99,2024-04-10 23:29:28
578,57,CABAL Online,pc,1,0.0,0.09,0.0,2024-04-11 23:19:21
579,61,WARMACHINE: Tactics,pc,2,0.0,0.09,0.0,2024-04-12 16:00:54
580,70,Gentlemen!,pc,2,1.14,0.09,1.24,2024-04-13 01:37:53
581,73,Tiny Brains,pc,2,9.17,0.09,9.99,2024-04-13 02:34:20
582,58,theHunter,pc,2,0.0,0.09,0.0,2024-04-13 16:11:58
583,84,Ikaruga,pc,2,9.17,0.09,9.99,2024-04-14 02:27:13
584,78,Earth 2150 Trilogy,pc,2,6.41,0.09,6.99,2024-04-14 19:37:04
585,66,KnightShift,pc,2,6.41,0.09,6.99,2024-04-15 00:04:46
586,37,Pool Nation,pc,2,9.17,0.09,9.99,2024-04-15 11:23:01
587,63,Obscure,pc,2,6.41,0.09,6.99,2024-04-15 21:51:59
588,77,MoonBase Commander,pc,2,5.5,0.09,5.99,2024-04-15 22:35:20
589,69,Abyss Odyssey,pc,2,13.75,0.09,14.99,2024-04-16 10:49:40
590,78,GRID Autosport,pc,2,36.69,0.09,39.99,2024-04-16 12:49:58
591,36,NBA 2K14,pc,2,27.51,0.09,29.99,2024-04-16 14:19:11
592,89,Entropy,pc,1,18.34,0.09,19.99,2024-04-16 17:01:48
593,68,Truck Racer,pc,2,9.17,0.09,9.99,2024-04-17 10:07:37
594,52,Enemy Front,pc,2,27.51,0.09,29.99,2024-04-18 01:19:44
595,77,Child of Light,pc,2,13.75,0.09,14.99,2024-04-18 02:43:57
596,76,MotoGP(tm)14,pc,2,27.51,0.09,29.99,2024-04-18 11:40:49
597,53,Max Gentlemen,pc,2,0.0,0.09,0.0,2024-04-18 23:06:31
598,33,Bloody Trapland,pc,2,9.17,0.09,9.99,2024-04-19 02:35:48
599,61,Signal Ops,pc,2,9.17,0.09,9.99,2024-04-19 09:12:41
600,39,Riptide GP2,pc,2,6.41,0.09,6.99,2024-04-19 22:35:57
601,84,Hyper Light Drifter,pc,2,18.34,0.09,19.99,2024-04-20 09:34:39
602,46,Frozen Hearth,pc,2,16.5,0.09,17.99,2024-04-20 09:49:52
603,90,Survivor Squad,pc,2,8.25,0.09,8.99,2024-04-20 12:37:54
604,33,Blood Knights,pc,2,9.17,0.09,9.99,2024-04-21 09:17:58
605,56,Heli Heroes,pc,2,4.58,0.09,4.99,2024-04-21 09:37:07
606,51,Chicken Shoot Gold,pc,2,6.41,0.09,6.99,2024-04-21 13:29:51
607,77,EDEN STAR,pc,2,18.34,0.09,19.99,2024-04-22 03:30:20
608,37,Dead Sky,pc,2,4.58,0.09,4.99,2024-04-22 15:04:47
609,57,Two Brothers,pc,2,0.0,0.09,0.0,2024-04-22 15:12:52
610,80,1001 Spikes,pc,2,13.75,0.09,14.99,2024-04-22 21:08:29
611,82,Lethal League,pc,2,12.83,0.09,13.99,2024-04-22 21:52:33
612,75,Trench Run,pc,2,7.33,0.09,7.99,2024-04-22 22:11:00
613,38,Vanguard Princess,pc,2,4.58,0.09,4.99,2024-04-23 12:52:05
614,70,Dungeons 2,pc,2,27.51,0.09,29.99,2024-04-23 16:27:02
615,41,Little Racers STREET,pc,2,7.33,0.09,7.99,2024-04-23 16:40:10
616,76,GoD Factory: Wingmen,pc,2,18.34,0.09,19.99,2024-04-24 01:20:33
617,68,Crimsonland,pc,2,12.83,0.09,13.99,2024-04-24 20:09:11
618,82,STARWHAL,pc,2,11.0,0.09,11.99,2024-04-25 06:53:55
619,85,Blockstorm,pc,2,4.58,0.09,4.99,2024-04-25 14:24:34
620,83,Signs of Life,pc,2,9.17,0.09,9.99,2024-04-25 19:36:43
621,67,SPINTIRES(tm),pc,2,27.51,0.09,29.99,2024-04-26 00:36:10
622,18,Probably Archery,pc,2,4.58,0.09,4.99,2024-04-26 01:45:22
623,94,Final Rush,pc,2,4.58,0.09,4.99,2024-04-26 06:09:09
624,43,Dragons and Titans,pc,2,0.0,0.09,0.0,2024-04-26 18:53:40
625,68,SPACECOM,pc,2,9.17,0.09,9.99,2024-04-26 22:49:50
626,43,Zombie Grinder,pc,2,8.25,0.09,8.99,2024-04-27 09:13:51
627,13,Red Baron Pack,pc,2,9.17,0.09,9.99,2024-04-27 10:59:10
628,54,Son of Nor,pc,2,18.34,0.09,19.99,2024-04-27 13:52:47
629,18,WazHack,pc,2,9.17,0.09,9.99,2024-04-27 16:42:51
630,22,La Tale,pc,1,0.0,0.09,0.0,2024-04-27 18:17:12
631,74,The Red Solstice,pc,2,6.23,0.09,6.79,2024-04-27 18:54:02
632,65,Fistful of Frags,pc,2,0.0,0.09,0.0,2024-04-28 03:04:33
633,79,Secret Ponchos,pc,2,13.75,0.09,14.99,2024-04-28 06:18:15
634,62,Goat Simulator,pc,2,9.17,0.09,9.99,2024-04-28 06:28:12
635,52,Worlds of Magic,pc,2,36.69,0.09,39.99,2024-04-28 11:58:08
636,62,Lost Saga NA,pc,2,0.0,0.09,0.0,2024-04-28 15:39:54
637,38,Astral Terra,pc,2,13.75,0.09,14.99,2024-04-29 16:47:19
638,38,Procyon,pc,2,3.66,0.09,3.99,2024-04-01 06:25:16
639,11,GameGuru,pc,2,9.17,0.09,9.99,2024-04-01 11:19:25
640,7,Calibre 10 Racing,pc,2,9.17,0.09,9.99,2024-04-01 12:43:36
641,79,iRacing,pc,1,9.17,0.09,9.99,2024-04-01 18:57:15
642,6,Anarchy Arcade,pc,2,0.0,0.09,0.0,2024-04-02 13:05:16
643,7,Ground Pounders,pc,2,9.17,0.09,9.99,2024-04-02 18:01:26
644,88,Guilty Gear Isuka,pc,2,0.0,0.09,0.0,2024-04-02 18:36:28
645,83,Meltdown,pc,2,6.41,0.09,6.99,2024-04-03 13:23:32
646,59,Lets Sing,pc,2,13.75,0.09,14.99,2024-04-03 17:45:20
647,8,Krautscape,pc,2,7.33,0.09,7.99,2024-04-03 20:07:52
648,80,Panzer Corps,pc,2,18.34,0.09,19.99,2024-04-04 10:41:28
649,88,XCOM(r) 2,pc,2,55.04,0.09,59.99,2024-04-04 19:53:01
650,91,Magicite,pc,2,9.17,0.09,9.99,2024-04-05 10:19:31
651,75,Satellite Reign,pc,2,27.51,0.09,29.99,2024-04-05 12:25:30
652,66,The Yawhg,pc,2,9.17,0.09,9.99,2024-04-05 18:41:21
653,53,Super Motherload,pc,2,13.75,0.09,14.99,2024-04-05 21:23:21
654,77,Luxuria Superbia,pc,2,6.41,0.09,6.99,2024-04-06 05:51:12
655,73,Pool Nation VR,pc,2,18.34,0.09,19.99,2024-04-06 11:24:02
656,91,Hero Siege,pc,2,5.5,0.09,5.99,2024-04-06 13:05:22
657,27,Voice of Pripyat,pc,1,6.41,0.09,6.99,2024-04-08 03:22:46
658,57,A Mass of Dead,pc,2,3.11,0.09,3.39,2024-04-08 09:50:10
659,91,Tumblestone,pc,2,9.17,0.09,9.99,2024-04-08 10:09:48
660,70,The Golf Club,pc,2,27.51,0.09,29.99,2024-04-08 12:59:12
661,95,Secrets of Grindea,pc,2,13.75,0.09,14.99,2024-04-09 00:22:31
662,78,RUNNING WITH RIFLES,pc,2,13.75,0.09,14.99,2024-04-09 06:45:46
663,77,Etherlords,pc,2,4.58,0.09,4.99,2024-04-09 18:28:57
664,78,Etherlords II,pc,2,4.58,0.09,4.99,2024-04-09 18:50:12
665,73,Global ATC Simulator,pc,2,32.1,0.09,34.99,2024-04-09 21:46:31
666,73,HAWKEN,pc,2,0.0,0.09,0.0,2024-04-10 01:21:49
667,76,Space Farmers,pc,2,9.17,0.09,9.99,2024-04-10 09:36:28
668,96,Grand Theft Auto V,pc,2,55.04,0.09,59.99,2024-04-10 23:29:28
669,63,Vertiginous Golf,pc,2,9.17,0.09,9.99,2024-04-11 23:19:21
670,77,Evolve Stage 2,pc,2,0.0,0.09,0.0,2024-04-12 16:00:54
671,45,Over 9000 Zombies!,pc,2,9.17,0.09,9.99,2024-04-13 01:37:53
672,91,Freespace 2,pc,2,9.17,0.09,9.99,2024-04-13 02:34:20
673,3,Formula Truck 2013,pc,2,13.75,0.09,14.99,2024-04-13 16:11:58
674,63,Stock Car Extreme,pc,2,18.34,0.09,19.99,2024-04-14 02:27:13
675,20,Ski-World Simulator,pc,2,9.17,0.09,9.99,2024-04-14 19:37:04
676,66,Snowcat Simulator,pc,2,7.33,0.09,7.99,2024-04-15 00:04:46
677,83,Broforce,pc,2,6.87,0.09,7.49,2024-04-15 11:23:01
678,74,Drox Operative,pc,2,18.34,0.09,19.99,2024-04-15 21:51:59
679,97,Revolution Ace,pc,2,1.83,0.09,1.99,2024-04-15 22:35:20
680,57,Jet Car Stunts,pc,2,2.74,0.09,2.99,2024-04-16 10:49:40
681,14,Murder Miners,pc,2,0.45,0.09,0.49,2024-04-16 12:49:58
682,65,Depth,pc,2,22.93,0.09,24.99,2024-04-16 14:19:11
683,97,Tango Fiesta,pc,2,11.92,0.09,12.99,2024-04-16 17:01:48
684,70,Fritz Chess 14,pc,2,36.69,0.09,39.99,2024-04-17 10:07:37
685,79,VIDEOBALL,pc,2,9.17,0.09,9.99,2024-04-18 01:19:44
686,69,Imperial Glory,pc,2,4.58,0.09,4.99,2024-04-18 02:43:57
687,78,Praetorians,pc,2,4.58,0.09,4.99,2024-04-18 11:40:49
688,95,Sportsfriends,pc,2,13.75,0.09,14.99,2024-04-18 23:06:31
689,71,TUG,pc,2,0.0,0.09,0.0,2024-04-19 02:35:48
690,87,Deadbreed(r),pc,2,0.0,0.09,0.0,2024-04-19 09:12:41
691,70,Interplanetary,pc,2,13.75,0.09,14.99,2024-04-19 22:35:57
692,67,Digger Online,pc,2,9.17,0.09,9.99,2024-04-20 09:34:39
693,69,9th Dawn II,pc,2,7.33,0.09,7.99,2024-04-20 09:49:52
694,28,Abalone,pc,2,4.58,0.09,4.99,2024-04-20 12:37:54
695,56,Infinity Runner,pc,2,6.41,0.09,6.99,2024-04-21 09:17:58
696,53,Gunjitsu,pc,2,3.66,0.09,3.99,2024-04-21 09:37:07
697,17,Aragami,pc,2,0.0,0.09,0.0,2024-04-21 13:29:51
698,17,Pulstar,pc,2,1.83,0.09,1.99,2024-04-22 03:30:20
699,75,Crea,pc,2,13.75,0.09,14.99,2024-04-22 15:04:47
700,83,Creativerse,pc,2,0.0,0.09,0.0,2024-04-22 15:12:52
701,4,T.E.C. 3001,pc,2,3.66,0.09,3.99,2024-04-22 21:08:29
702,78,Stellaris,pc,2,29.35,0.09,31.99,2024-04-22 21:52:33
703,19,NBA 2K15,pc,2,55.04,0.09,59.99,2024-04-22 22:11:00
704,29,Quake Live(tm),pc,2,9.17,0.09,9.99,2024-04-23 12:52:05
705,25,Star Ruler 2,pc,2,22.93,0.09,24.99,2024-04-23 16:27:02
706,17,Warring States,pc,2,14.67,0.09,15.99,2024-04-23 16:40:10
707,48,Organic Panic,pc,2,0.0,0.09,0.0,2024-04-24 01:20:33
708,80,100% Orange Juice,pc,2,6.41,0.09,6.99,2024-04-24 20:09:11
709,63,Masterspace,pc,2,12.83,0.09,13.99,2024-04-25 06:53:55
710,21,FaeVerse Alchemy,pc,2,0.0,0.09,0.0,2024-04-25 14:24:34
711,6,Colonies Online,pc,1,13.75,0.09,14.99,2024-04-25 19:36:43
712,67,Zooloretto,pc,2,6.41,0.09,6.99,2024-04-26 00:36:10
713,84,Salt and Sanctuary,pc,2,16.5,0.09,17.99,2024-04-26 01:45:22
714,74,Action Henk,pc,2,13.75,0.09,14.99,2024-04-26 06:09:09
715,3,Enemy Mind,pc,2,9.17,0.09,9.99,2024-04-26 18:53:40
716,84,Gang Beasts,pc,2,18.34,0.09,19.99,2024-04-26 22:49:50
717,98,Tabletop Simulator,pc,2,18.34,0.09,19.99,2024-04-27 09:13:51
718,61,F1 2015,pc,2,50.45,0.09,54.99,2024-04-27 10:59:10
719,53,Battle Academy,pc,2,13.75,0.09,14.99,2024-04-27 13:52:47
720,11,Chaos Domain,pc,2,9.17,0.09,9.99,2024-04-27 16:42:51
721,69,Toybox Turbos,pc,2,13.75,0.09,14.99,2024-04-27 18:17:12
722,33,8-Bit Commando,pc,2,2.74,0.09,2.99,2024-04-27 18:54:02
723,9,Yomi,pc,2,13.75,0.09,14.99,2024-04-28 03:04:33
724,82,Endless Legend(tm),pc,2,27.51,0.09,29.99,2024-04-28 06:18:15
725,67,Faces of War,pc,2,4.58,0.09,4.99,2024-04-28 06:28:12
726,77,Perimeter,pc,2,3.66,0.09,3.99,2024-04-28 11:58:08
727,65,RC Cars,pc,2,2.74,0.09,2.99,2024-04-28 15:39:54
728,96,Retro Game Crunch,pc,2,9.17,0.09,9.99,2024-04-29 16:47:19
729,12,Echo of Soul,pc,1,0.0,0.09,0.0,2024-04-01 06:25:16
730,75,Armello,pc,2,18.34,0.09,19.99,2024-04-01 11:19:25
731,36,The Flock,pc,2,15.59,0.09,16.99,2024-04-01 12:43:36
732,74,Cloud Chamber,pc,1,18.34,0.09,19.99,2024-04-01 18:57:15
733,77,Grey Goo,pc,2,27.51,0.09,29.99,2024-04-02 13:05:16
734,82,Evolution RTS,pc,2,0.0,0.09,0.0,2024-04-02 18:01:26
735,2,Final Slam 2,pc,2,3.66,0.09,3.99,2024-04-02 18:36:28
736,82,Duelyst,pc,2,0.0,0.09,0.0,2024-04-03 13:23:32
737,62,Warface 2016: Anubis,pc,2,0.0,0.09,0.0,2024-04-03 17:45:20
738,49,Brawlhalla,pc,2,0.0,0.09,0.0,2024-04-03 20:07:52
739,26,Magical Battle Festa,pc,2,9.17,0.09,9.99,2024-04-04 10:41:28
740,41,Chompy Chomp Chomp,pc,2,0.63,0.09,0.69,2024-04-04 19:53:01
741,33,Rise of Prussia Gold,pc,2,18.34,0.09,19.99,2024-04-05 10:19:31
742,19,H-Hour: Worlds Elite,pc,2,9.17,0.09,9.99,2024-04-05 12:25:30
743,80,Card Hunter,pc,2,0.0,0.09,0.0,2024-04-05 18:41:21
744,83,Epic Space: Online,pc,1,13.75,0.09,14.99,2024-04-05 21:23:21
745,19,Amazing World(tm),pc,1,0.0,0.09,0.0,2024-04-06 05:51:12
746,98,Guns and Robots,pc,1,0.0,0.09,0.0,2024-04-06 11:24:02
747,55,Dark Raid,pc,2,18.34,0.09,19.99,2024-04-06 13:05:22
748,92,Crawl,pc,2,9.17,0.09,9.99,2024-04-08 03:22:46
749,17,Cult of the Wind,pc,2,9.17,0.09,9.99,2024-04-08 09:50:10
750,14,White Noise Online,pc,2,5.5,0.09,5.99,2024-04-08 10:09:48
751,98,Pivvot,pc,2,4.58,0.09,4.99,2024-04-08 12:59:12
752,24,Kill The Bad Guy,pc,2,9.17,0.09,9.99,2024-04-09 00:22:31
753,88,Knight Squad,pc,2,13.75,0.09,14.99,2024-04-09 06:45:46
754,5,H1Z1 : Just Survive,pc,1,18.34,0.09,19.99,2024-04-09 18:28:57
755,5,Hive Jump,pc,2,18.34,0.09,19.99,2024-04-09 18:50:12
756,7,PARTICLE MACE,pc,2,0.91,0.09,0.99,2024-04-09 21:46:31
757,56,G-Ball,pc,2,0.91,0.09,0.99,2024-04-10 01:21:49
758,69,Iron Storm,pc,2,2.74,0.09,2.99,2024-04-10 09:36:28
759,52,Ballistic Overkill,pc,2,6.41,0.09,6.99,2024-04-10 23:29:28
760,82,Mount Your Friends,pc,2,4.58,0.09,4.99,2024-04-11 23:19:21
761,25,Draconian Wars,pc,2,5.5,0.09,5.99,2024-04-12 16:00:54
762,83,Real Boxing(tm),pc,2,4.58,0.09,4.99,2024-04-13 01:37:53
763,77,Jump Tanks,pc,2,0.0,0.09,0.0,2024-04-13 02:34:20
764,93,Neon Shadow,pc,2,4.58,0.09,4.99,2024-04-13 16:11:58
765,36,Ascendant,pc,2,9.17,0.09,9.99,2024-04-14 02:27:13
766,13,Overruled!,pc,2,11.92,0.09,12.99,2024-04-14 19:37:04
767,28,Landmark,pc,1,9.17,0.09,9.99,2024-04-15 00:04:46
768,86,Total Annihilation,pc,2,4.58,0.09,4.99,2024-04-15 11:23:01
769,74,Master of Orion,pc,2,27.51,0.09,29.99,2024-04-15 21:51:59
770,9,Eldevin,pc,1,0.0,0.09,0.0,2024-04-15 22:35:20
771,52,XenoRaptor,pc,2,13.75,0.09,14.99,2024-04-16 10:49:40
772,78,FLASHOUT 2,pc,2,4.58,0.09,4.99,2024-04-16 12:49:58
773,42,Dreii,pc,2,5.5,0.09,5.99,2024-04-16 14:19:11
774,59,Orbital Gear,pc,2,9.17,0.09,9.99,2024-04-16 17:01:48
775,72,Block N Load,pc,2,0.0,0.09,0.0,2024-04-17 10:07:37
776,76,CubeGun,pc,2,0.0,0.09,0.0,2024-04-18 01:19:44
777,52,Rooks Keep,pc,2,7.33,0.09,7.99,2024-04-18 02:43:57
778,68,Rogue Stormers,pc,2,12.83,0.09,13.99,2024-04-18 11:40:49
779,4,Terrorhedron,pc,2,1.83,0.09,1.99,2024-04-18 23:06:31
780,88,Miscreated,pc,1,18.34,0.09,19.99,2024-04-19 02:35:48
781,85,Metal Planet,pc,2,5.5,0.09,5.99,2024-04-19 09:12:41
782,48,Forgotten Myths CCG,pc,2,0.0,0.09,0.0,2024-04-19 22:35:57
783,10,Divine Souls F2P MMO,pc,1,0.0,0.09,0.0,2024-04-20 09:34:39
784,41,Planetoid Pioneers,pc,2,36.69,0.09,39.99,2024-04-20 09:49:52
785,18,Road Redemption,pc,2,18.34,0.09,19.99,2024-04-20 12:37:54
786,63,Gear Up,pc,2,0.0,0.09,0.0,2024-04-21 09:17:58
787,68,Pure Pool,pc,2,11.92,0.09,12.99,2024-04-21 09:37:07
788,65,JUJU,pc,2,18.34,0.09,19.99,2024-04-21 13:29:51
789,58,SPORT1 Live : Duel,pc,2,4.58,0.09,4.99,2024-04-22 03:30:20
790,29,Chicken Invaders 4,pc,2,4.58,0.09,4.99,2024-04-22 15:04:47
791,26,Kill Fun Yeah,pc,2,9.17,0.09,9.99,2024-04-22 15:12:52
792,70,Robocraft,pc,1,0.0,0.09,0.0,2024-04-22 21:08:29
793,75,Battlezone 98 Redux,pc,2,18.34,0.09,19.99,2024-04-22 21:52:33
794,54,Psichodelya,pc,2,0.95,0.09,1.04,2024-04-22 22:11:00
795,71,Screencheat,pc,2,13.75,0.09,14.99,2024-04-23 12:52:05
796,61,Ryse: Son of Rome,pc,2,18.34,0.09,19.99,2024-04-23 16:27:02
797,87,Call to Arms,pc,2,22.93,0.09,24.99,2024-04-23 16:40:10
798,66,BlazeRush,pc,2,9.17,0.09,9.99,2024-04-24 01:20:33
799,9,BLOCKADE 3D,pc,2,0.0,0.09,0.0,2024-04-24 20:09:11
800,49,TRISTOY,pc,2,6.41,0.09,6.99,2024-04-25 06:53:55
801,18,#KILLALLZOMBIES,pc,2,11.0,0.09,11.99,2024-04-25 14:24:34
802,82,Rugby 15,pc,2,18.34,0.09,19.99,2024-04-25 19:36:43
803,75,Motorcycle Club,pc,2,9.17,0.09,9.99,2024-04-26 00:36:10
804,65,Machines At War 3,pc,2,13.75,0.09,14.99,2024-04-26 01:45:22
805,20,Time of Fury,pc,2,18.34,0.09,19.99,2024-04-26 06:09:09
806,80,ArcheAge,pc,1,0.0,0.09,0.0,2024-04-26 18:53:40
807,30,Trove,pc,1,0.0,0.09,0.0,2024-04-26 22:49:50
808,67,Bloodbath,pc,2,13.75,0.09,14.99,2024-04-27 09:13:51
809,93,Aeon Command,pc,2,2.74,0.09,2.99,2024-04-27 10:59:10
810,69,Unturned,pc,2,0.0,0.09,0.0,2024-04-27 13:52:47
811,9,Battle Islands,pc,2,0.0,0.09,0.0,2024-04-27 16:42:51
812,59,Blue Estate The Game,pc,2,11.92,0.09,12.99,2024-04-27 18:17:12
813,67,FranknJohn,pc,2,13.75,0.09,14.99,2024-04-27 18:54:02
814,14,Servo,pc,2,18.34,0.09,19.99,2024-04-28 03:04:33
815,81,Heroes of Issachar,pc,2,0.0,0.09,0.0,2024-04-28 06:18:15
816,61,Dragon: The Game,pc,2,16.5,0.09,17.99,2024-04-28 06:28:12
817,50,Railroad Pioneer,pc,2,4.58,0.09,4.99,2024-04-28 11:58:08
818,68,Runers,pc,2,9.17,0.09,9.99,2024-04-28 15:39:54
819,75,Civil War II,pc,2,36.69,0.09,39.99,2024-04-29 16:47:19
820,54,Iron Fisticle,pc,2,8.25,0.09,8.99,2024-04-01 06:25:16
821,40,BattleSpace,pc,1,0.0,0.09,0.0,2024-04-01 11:19:25
822,92,Fractured Soul,pc,2,9.17,0.09,9.99,2024-04-01 12:43:36
823,44,Asteria,pc,2,1.83,0.09,1.99,2024-04-01 18:57:15
824,84,Velvet Sundown,pc,2,0.0,0.09,0.0,2024-04-02 13:05:16
825,100,Platypus,pc,2,6.41,0.09,6.99,2024-04-02 18:01:26
826,4,Othello,pc,2,9.17,0.09,9.99,2024-04-02 18:36:28
827,80,Penarium,pc,2,9.17,0.09,9.99,2024-04-03 13:23:32
828,89,Curses N Chaos,pc,2,9.17,0.09,9.99,2024-04-03 17:45:20
829,76,Mortal Kombat X,pc,2,13.75,0.09,14.99,2024-04-03 20:07:52
830,59,Savage Lands,pc,2,13.75,0.09,14.99,2024-04-04 10:41:28
831,17,Cricket Captain 2014,pc,2,9.17,0.09,9.99,2024-04-04 19:53:01
832,45,Minimon,pc,1,9.17,0.09,9.99,2024-04-05 10:19:31
833,76,Orborun,pc,2,5.5,0.09,5.99,2024-04-05 12:25:30
834,57,Super Sky Arena,pc,2,13.75,0.09,14.99,2024-04-05 18:41:21
835,88,NS2: Combat,pc,2,5.5,0.09,5.99,2024-04-05 21:23:21
836,63,Grand Ages: Medieval,pc,2,27.51,0.09,29.99,2024-04-06 05:51:12
837,77,Deathtrap,pc,2,18.34,0.09,19.99,2024-04-06 11:24:02
838,86,DiRT Rally,pc,2,55.04,0.09,59.99,2024-04-06 13:05:22
839,16,Sky Nations,pc,2,12.83,0.09,13.99,2024-04-08 03:22:46
840,70,Shiftlings,pc,2,6.87,0.09,7.49,2024-04-08 09:50:10
841,13,Retrobooster,pc,2,13.75,0.09,14.99,2024-04-08 10:09:48
842,74,Street Fighter V,pc,2,55.04,0.09,59.99,2024-04-08 12:59:12
843,63,Rulers of Nations,pc,2,13.75,0.09,14.99,2024-04-09 00:22:31
844,34,Naval Action,pc,1,36.69,0.09,39.99,2024-04-09 06:45:46
845,84,Enter the Gungeon,pc,2,13.75,0.09,14.99,2024-04-09 18:28:57
846,93,Black Ice,pc,2,13.75,0.09,14.99,2024-04-09 18:50:12
847,61,Bounders and Cads,pc,2,1.83,0.09,1.99,2024-04-09 21:46:31
848,77,Wild Warfare,pc,2,0.0,0.09,0.0,2024-04-10 01:21:49
849,6,The Fifth Day,pc,2,13.75,0.09,14.99,2024-04-10 09:36:28
850,8,SEAL Team 12,pc,2,2.74,0.09,2.99,2024-04-10 23:29:28
851,18,Simply Chess,pc,2,0.0,0.09,0.0,2024-04-11 23:19:21
852,71,To End All Wars,pc,2,36.69,0.09,39.99,2024-04-12 16:00:54
853,2,Hell,pc,2,27.51,0.09,29.99,2024-04-13 01:37:53
854,64,Legions of Steel,pc,2,18.34,0.09,19.99,2024-04-13 02:34:20
855,82,Duck Game,pc,2,11.92,0.09,12.99,2024-04-13 16:11:58
856,52,METAL SLUG X,pc,2,7.33,0.09,7.99,2024-04-14 02:27:13
857,91,Khet 2.0,pc,2,9.17,0.09,9.99,2024-04-14 19:37:04
858,39,Zoo Rampage,pc,2,3.66,0.09,3.99,2024-04-15 00:04:46
859,17,Rugby League Live 3,pc,2,45.86,0.09,49.99,2024-04-15 11:23:01
860,94,Starion Tactics,pc,2,9.17,0.09,9.99,2024-04-15 21:51:59
861,4,The Expendabros,pc,2,0.0,0.09,0.0,2024-04-15 22:35:20
862,64,Farming Simulator 15,pc,2,22.93,0.09,24.99,2024-04-16 10:49:40
863,35,Boot Hill Heroes,pc,2,8.25,0.09,8.99,2024-04-16 12:49:58
864,87,Alea Jacta Est,pc,2,22.93,0.09,24.99,2024-04-16 14:19:11
865,1,Pool Nation FX Lite,pc,2,0.0,0.09,0.0,2024-04-16 17:01:48
866,94,Boid,pc,2,0.0,0.09,0.0,2024-04-17 10:07:37
867,78,Deathsmiles,pc,2,18.34,0.09,19.99,2024-04-18 01:19:44
868,93,Bombing Bastards,pc,2,9.17,0.09,9.99,2024-04-18 02:43:57
869,48,Obludia,pc,2,2.06,0.09,2.24,2024-04-18 11:40:49
870,86,CubeZ,pc,2,7.33,0.09,7.99,2024-04-18 23:06:31
871,62,Chess 2: The Sequel,pc,2,9.17,0.09,9.99,2024-04-19 02:35:48
872,6,Abatron,pc,2,0.0,0.09,0.0,2024-04-19 09:12:41
873,80,Rampage Knights,pc,2,11.0,0.09,11.99,2024-04-19 22:35:57
874,82,Star Saviors,pc,2,1.83,0.09,1.99,2024-04-20 09:34:39
875,8,Jamsouls,pc,2,3.66,0.09,3.99,2024-04-20 09:49:52
876,1,Euro Fishing,pc,2,18.34,0.09,19.99,2024-04-20 12:37:54
877,60,Aware,pc,2,11.92,0.09,12.99,2024-04-21 09:17:58
878,95,Forsaken Uprising,pc,1,2.74,0.09,2.99,2024-04-21 09:37:07
879,51,Mighty No. 9,pc,2,18.34,0.09,19.99,2024-04-21 13:29:51
880,54,Spectre,pc,2,4.58,0.09,4.99,2024-04-22 03:30:20
881,23,Age of Conquest IV,pc,2,0.0,0.09,0.0,2024-04-22 15:04:47
882,58,Foresight,pc,2,13.75,0.09,14.99,2024-04-22 15:12:52
883,78,Woah Dave!,pc,2,4.58,0.09,4.99,2024-04-22 21:08:29
884,82,CO-OP : Decrypted,pc,2,9.17,0.09,9.99,2024-04-22 21:52:33
885,60,Polarity,pc,2,1.37,0.09,1.49,2024-04-22 22:11:00
886,13,Trainz: A New Era,pc,2,36.69,0.09,39.99,2024-04-23 12:52:05
887,52,Daedalus - No Escape,pc,2,4.58,0.09,4.99,2024-04-23 16:27:02
888,16,Magic Duels,pc,2,0.0,0.09,0.0,2024-04-23 16:40:10
889,63,Hangeki,pc,2,9.17,0.09,9.99,2024-04-24 01:20:33
890,26,Parcel,pc,2,4.58,0.09,4.99,2024-04-24 20:09:11
891,34,Disney Universe,pc,2,18.34,0.09,19.99,2024-04-25 06:53:55
892,57,Shadow Puppeteer,pc,2,13.75,0.09,14.99,2024-04-25 14:24:34
893,38,Tetris(r) Ultimate,pc,2,13.75,0.09,14.99,2024-04-25 19:36:43
894,44,Kings of Kung Fu,pc,2,9.17,0.09,9.99,2024-04-26 00:36:10
895,55,Defenders of Time,pc,2,0.0,0.09,0.0,2024-04-26 01:45:22
896,57,Congo,pc,2,9.17,0.09,9.99,2024-04-26 06:09:09
897,39,AXYOS,pc,2,7.33,0.09,7.99,2024-04-26 18:53:40
898,12,Burnstar,pc,2,4.58,0.09,4.99,2024-04-26 22:49:50
899,21,Disneys Tangled,pc,2,18.34,0.09,19.99,2024-04-27 09:13:51
900,85,Chaos Reborn,pc,2,18.34,0.09,19.99,2024-04-27 10:59:10
901,40,Platypus II,pc,2,6.41,0.09,6.99,2024-04-27 13:52:47
902,99,Space Salvager,pc,2,7.33,0.09,7.99,2024-04-27 16:42:51
903,26,Duck Dynasty(r),pc,2,36.69,0.09,39.99,2024-04-27 18:17:12
904,76,Chariot,pc,2,13.75,0.09,14.99,2024-04-27 18:54:02
905,36,AX:EL - Air XenoDawn,pc,2,11.92,0.09,12.99,2024-04-28 03:04:33
906,62,Moon Hunters,pc,2,13.75,0.09,14.99,2024-04-28 06:18:15
907,86,Darkstone,pc,2,1.37,0.09,1.49,2024-04-28 06:28:12
908,58,Coffin Dodgers,pc,2,10.08,0.09,10.99,2024-04-28 11:58:08
909,37,Warside,pc,1,0.0,0.09,0.0,2024-04-28 15:39:54
910,76,Fabula Mortis,pc,2,11.0,0.09,11.99,2024-04-29 16:47:19
911,87,Wickland,pc,2,0.91,0.09,0.99,2024-04-01 06:25:16
912,7,UNLOVED,pc,2,13.75,0.09,14.99,2024-04-01 11:19:25
913,63,Supraball,pc,2,9.17,0.09,9.99,2024-04-01 12:43:36
914,91,MotoGP(tm)14 Compact,pc,2,9.17,0.09,9.99,2024-04-01 18:57:15
915,1,Cavern Kings,pc,2,9.17,0.09,9.99,2024-04-02 13:05:16
916,39,20XX,pc,2,13.75,0.09,14.99,2024-04-02 18:01:26
917,74,Guns Gore & Cannoli,pc,2,9.17,0.09,9.99,2024-04-02 18:36:28
918,23,The Repopulation,pc,1,0.0,0.09,0.0,2024-04-03 13:23:32
919,83,Dont Starve Together,pc,2,13.75,0.09,14.99,2024-04-03 17:45:20
920,65,War the Game,pc,2,6.41,0.09,6.99,2024-04-03 20:07:52
921,49,theHunter: Primal,pc,2,9.17,0.09,9.99,2024-04-04 10:41:28
922,69,Pure Holdem,pc,2,18.34,0.09,19.99,2024-04-04 19:53:01
923,7,Vagante,pc,2,13.75,0.09,14.99,2024-04-05 10:19:31
924,77,TERA,pc,1,0.0,0.09,0.0,2024-04-05 12:25:30
925,33,Super Indie Karts,pc,2,9.17,0.09,9.99,2024-04-05 18:41:21
926,80,Move or Die,pc,2,13.75,0.09,14.99,2024-04-05 21:23:21
927,79,Rising World,pc,2,13.75,0.09,14.99,2024-04-06 05:51:12
928,81,Kalimba,pc,2,9.17,0.09,9.99,2024-04-06 11:24:02
929,39,CodeSpells,pc,2,18.34,0.09,19.99,2024-04-06 13:05:22
930,59,VoidExpanse,pc,2,13.75,0.09,14.99,2024-04-08 03:22:46
931,65,Bus Simulator 16,pc,2,22.93,0.09,24.99,2024-04-08 09:50:10
932,69,TOTM,pc,2,7.33,0.09,7.99,2024-04-08 10:09:48
933,44,Desert Ashes,pc,2,4.58,0.09,4.99,2024-04-08 12:59:12
934,5,SinaRun,pc,2,2.74,0.09,2.99,2024-04-09 00:22:31
935,82,Boundless,pc,1,32.1,0.09,34.99,2024-04-09 06:45:46
936,40,TOXIKK(tm),pc,2,0.0,0.09,0.0,2024-04-09 18:28:57
937,95,BEARZERKERS,pc,2,11.92,0.09,12.99,2024-04-09 18:50:12
938,85,Metaverse,pc,2,18.34,0.09,19.99,2024-04-09 21:46:31
939,61,Sword Coast Legends,pc,2,18.34,0.09,19.99,2024-04-10 01:21:49
940,80,Total War: ATTILA,pc,2,41.28,0.09,44.99,2024-04-10 09:36:28
941,61,Windward,pc,2,9.17,0.09,9.99,2024-04-10 23:29:28
942,81,ShellShock Live,pc,2,6.41,0.09,6.99,2024-04-11 23:19:21
943,9,Club Manager 2015,pc,2,9.17,0.09,9.99,2024-04-12 16:00:54
944,79,Worms W.M.D,pc,2,27.51,0.09,29.99,2024-04-13 01:37:53
945,58,Gloria Victis,pc,1,18.34,0.09,19.99,2024-04-13 02:34:20
946,65,Out of Reach,pc,1,13.75,0.09,14.99,2024-04-13 16:11:58
947,76,Deadstone,pc,2,9.17,0.09,9.99,2024-04-14 02:27:13
948,50,Journey of the King,pc,2,1.83,0.09,1.99,2024-04-14 19:37:04
949,65,Tales Runner,pc,2,0.0,0.09,0.0,2024-04-15 00:04:46
950,100,Reflex,pc,2,9.17,0.09,9.99,2024-04-15 11:23:01
951,83,Frozen Synapse Prime,pc,2,22.93,0.09,24.99,2024-04-15 21:51:59
952,41,Deer Hunt Legends,pc,2,4.58,0.09,4.99,2024-04-15 22:35:20
953,28,One Last Day,pc,2,11.92,0.09,12.99,2024-04-16 10:49:40
954,10,Fritz for Fun 13,pc,2,18.34,0.09,19.99,2024-04-16 12:49:58
955,71,Gems of War,pc,2,0.0,0.09,0.0,2024-04-16 14:19:11
956,78,QbQbQb,pc,2,4.58,0.09,4.99,2024-04-16 17:01:48
957,76,JumpJet Rex,pc,2,9.17,0.09,9.99,2024-04-17 10:07:37
958,76,R.B.I. Baseball 15,pc,2,18.34,0.09,19.99,2024-04-18 01:19:44
959,1,Krosmaster Arena,pc,2,0.0,0.09,0.0,2024-04-18 02:43:57
960,90,Kingdoms CCG,pc,2,0.0,0.09,0.0,2024-04-18 11:40:49
961,58,Wild Frontera,pc,2,4.58,0.09,4.99,2024-04-18 23:06:31
962,77,Pix the Cat,pc,2,9.17,0.09,9.99,2024-04-19 02:35:48
963,68,Warlocks vs Shadows,pc,2,12.83,0.09,13.99,2024-04-19 09:12:41
964,38,Runes of Brennos,pc,2,4.58,0.09,4.99,2024-04-19 22:35:57
965,3,Celestial Command,pc,2,7.33,0.09,7.99,2024-04-20 09:34:39
966,74,Noct,pc,2,9.17,0.09,9.99,2024-04-20 09:49:52
967,93,DiscStorm,pc,2,11.0,0.09,11.99,2024-04-20 12:37:54
968,4,Redemption,pc,1,13.75,0.09,14.99,2024-04-21 09:17:58
969,73,Disney*Pixar Cars,pc,2,18.34,0.09,19.99,2024-04-21 09:37:07
970,85,Grass Simulator,pc,2,0.91,0.09,0.99,2024-04-21 13:29:51
971,46,Thief Town,pc,2,7.33,0.09,7.99,2024-04-22 03:30:20
972,67,Executive Assault,pc,2,11.92,0.09,12.99,2024-04-22 15:04:47
973,48,Carmageddon TDR 2000,pc,2,4.58,0.09,4.99,2024-04-22 15:12:52
974,4,Why So Evil,pc,2,1.83,0.09,1.99,2024-04-22 21:08:29
975,40,Disney*Pixar WALL-E,pc,2,18.34,0.09,19.99,2024-04-22 21:52:33
976,82,The Next Penelope,pc,2,11.92,0.09,12.99,2024-04-22 22:11:00
977,53,LEGO(r) Worlds,pc,2,13.75,0.09,14.99,2024-04-23 12:52:05
978,64,Battle Fleet 2,pc,2,13.75,0.09,14.99,2024-04-23 16:27:02
979,57,GRAV,pc,2,18.34,0.09,19.99,2024-04-23 16:40:10
980,25,Shutshimi,pc,2,9.17,0.09,9.99,2024-04-24 01:20:33
981,91,Amazing Frog?,pc,2,14.67,0.09,15.99,2024-04-24 20:09:11
982,93,Barbarian Brawl,pc,2,9.17,0.09,9.99,2024-04-25 06:53:55
983,38,Friendship Club,pc,2,11.0,0.09,11.99,2024-04-25 14:24:34
984,57,National Zombie Park,pc,2,7.33,0.09,7.99,2024-04-25 19:36:43
985,82,Storm United,pc,2,18.34,0.09,19.99,2024-04-26 00:36:10
986,53,Do Not Fall,pc,2,9.17,0.09,9.99,2024-04-26 01:45:22
987,54,Star Rangers(tm),pc,2,11.0,0.09,11.99,2024-04-26 06:09:09
988,83,Cults and Daggers,pc,2,27.51,0.09,29.99,2024-04-26 18:53:40
989,20,Cossacks 3,pc,2,0.0,0.09,0.0,2024-04-26 22:49:50
990,81,Neocolonialism,pc,2,3.66,0.09,3.99,2024-04-27 09:13:51
991,49,Medieval Engineers,pc,2,18.34,0.09,19.99,2024-04-27 10:59:10
992,70,A Druids Duel,pc,2,7.33,0.09,7.99,2024-04-27 13:52:47
993,69,Epic Arena,pc,2,0.0,0.09,0.0,2024-04-27 16:42:51
994,100,Down To One,pc,2,0.91,0.09,0.99,2024-04-27 18:17:12
995,75,Extreme Exorcism,pc,2,11.92,0.09,12.99,2024-04-27 18:54:02
996,85,Roche Fusion,pc,2,11.01,0.09,12.0,2024-04-28 03:04:33
997,5,Insanitys Blade,pc,2,5.5,0.09,5.99,2024-04-28 06:18:15
998,3,Fortified,pc,2,13.75,0.09,14.99,2024-04-28 06:28:12
999,96,Town of Salem,pc,2,4.58,0.09,4.99,2024-04-28 11:58:08
1000,27,Square Heroes,pc,2,4.58,0.09,4.99,2024-04-28 15:39:54
